,stars,forks
stars,1.0,0.8395977397928057
forks,0.8395977397928057,1.0
