stars,forks
1.0,0.8395977397928057
0.8395977397928057,1.0
