,stars,forks
stars,1.0,0.8063959555272817
forks,0.8063959555272817,1.0
