category,forks
Tool,780.0411184210526
Application,669.3562945368171
Uncategorized,619.8786373314407
