category,forks
Tool,833.8767967145791
Uncategorized,512.2926253687316
Application,425.84365781710915
