category,stars
Tool,4664.2516447368425
Uncategorized,4093.4833215046133
Application,3681.46080760095
