category,stars
Tool,4944.632443531827
Uncategorized,3335.4997050147495
Application,2367.461651917404
